{"nextid": 1, "submissions": [{"seed2": {"score": 0.09571660603075462, "loop": 664}, "seed1": {"score": 0.17836367631160505, "loop": 4396}, "id": 0}]}