{"nextid": 1, "submissions": {"0": {"seed1": {"score": 0.17590856266550203, "loop": 4849}, "seed2": {"score": 0.09553450776576743, "loop": 890}}}}