{
    "nextid": 3,
    "submissions": {
        "0": {
            "seed3": {
                "score": 0.23370271552803684,
                "loop": 26612
            },
            "seed4": {
                "score": 0.23090853447680287,
                "loop": 7868
            },
            "seed2": {
                "score": 0.09197124190988212,
                "loop": 2687
            },
            "seed1": {
                "score": 0.1771680040813601,
                "loop": 11172
            },
            "seed6": {
                "score": 0.31117341094287226,
                "loop": 5604
            },
            "seed7": {
                "score": 0.18834078641373334,
                "loop": 21568
            },
            "seed5": {
                "score": 0.12624331546898818,
                "loop": 11487
            },
            "seed8": {
                "score": 0.2830522163864629,
                "loop": 46276
            },
            "seed9": {
                "score": 0.23837914211300915,
                "loop": 5398
            },
            "seed10": {
                "score": 0.08637839920069912,
                "loop": 5418
            },
            "seed11": {
                "score": 0.08303564240385683,
                "loop": 3236
            },
            "seed12": {
                "score": 0.15208779707782805,
                "loop": 5611
            },
            "seed14": {
                "score": 0.1394972331909587,
                "loop": 5842
            },
            "seed13": {
                "score": 0.3453603813574684,
                "loop": 3646
            },
            "seed15": {
                "score": 0.28948789310322204,
                "loop": 2556
            },
            "seed16": {
                "score": 0.23411279141336613,
                "loop": 5446
            },
            "seed17": {
                "score": 0.2541709399914453,
                "loop": 20110
            },
            "seed19": {
                "score": 0.1481295860596415,
                "loop": 6589
            },
            "seed18": {
                "score": 0.27067165791523173,
                "loop": 26900
            },
            "seed20": {
                "score": 0.1153448611656198,
                "loop": 10512
            },
            "seed23": {
                "score": 0.086678200812187,
                "loop": 8434
            },
            "seed21": {
                "score": 0.2886853090140407,
                "loop": 33692
            },
            "seed22": {
                "score": 0.2541609048098062,
                "loop": 5690
            },
            "seed24": {
                "score": 0.34709509022264035,
                "loop": 54528
            },
            "seed25": {
                "score": 0.21106469852776932,
                "loop": 7218
            },
            "seed26": {
                "score": 0.2359354100345547,
                "loop": 9345
            },
            "seed27": {
                "score": 0.13347562504584476,
                "loop": 7507
            },
            "seed28": {
                "score": 0.2225226525348734,
                "loop": 6156
            },
            "seed29": {
                "score": 0.30716168678851324,
                "loop": 8913
            },
            "seed30": {
                "score": 0.29085856949831196,
                "loop": 6546
            }
        },
        "1": {
            "seed3": {
                "score": 0.23370271552803684,
                "loop": 26715
            },
            "seed2": {
                "score": 0.11047549762439755,
                "loop": 2797
            },
            "seed4": {
                "score": 0.22757673815737203,
                "loop": 7828
            },
            "seed1": {
                "score": 0.17662596600364905,
                "loop": 11167
            },
            "seed5": {
                "score": 0.12711711732828046,
                "loop": 11465
            },
            "seed7": {
                "score": 0.19008213508021757,
                "loop": 21641
            },
            "seed6": {
                "score": 0.31067247388456,
                "loop": 5636
            },
            "seed8": {
                "score": 0.2830522163864629,
                "loop": 45995
            },
            "seed9": {
                "score": 0.24014070920206293,
                "loop": 5438
            },
            "seed11": {
                "score": 0.09831865695039187,
                "loop": 3608
            },
            "seed10": {
                "score": 0.09811026037819219,
                "loop": 5544
            },
            "seed12": {
                "score": 0.15135932542314473,
                "loop": 5634
            },
            "seed13": {
                "score": 0.29750506312301855,
                "loop": 1831
            },
            "seed14": {
                "score": 0.1386778895234746,
                "loop": 5751
            },
            "seed16": {
                "score": 0.23510403821248474,
                "loop": 5372
            },
            "seed15": {
                "score": 0.2365428910722699,
                "loop": 2711
            },
            "seed17": {
                "score": 0.2551426046134195,
                "loop": 20031
            },
            "seed18": {
                "score": 0.27067165791523173,
                "loop": 25984
            },
            "seed19": {
                "score": 0.14880896075505048,
                "loop": 6637
            },
            "seed20": {
                "score": 0.11533790607881676,
                "loop": 10288
            },
            "seed21": {
                "score": 0.2938150990046189,
                "loop": 33223
            },
            "seed22": {
                "score": 0.25436133261895383,
                "loop": 6684
            },
            "seed23": {
                "score": 0.08631692854296133,
                "loop": 8390
            },
            "seed24": {
                "score": 0.34709509022264035,
                "loop": 54684
            },
            "seed25": {
                "score": 0.2126750440227447,
                "loop": 7199
            },
            "seed26": {
                "score": 0.2349290987554769,
                "loop": 9483
            },
            "seed27": {
                "score": 0.13201067326991298,
                "loop": 8768
            },
            "seed28": {
                "score": 0.2220872536517876,
                "loop": 6148
            },
            "seed29": {
                "score": 0.3103000787837,
                "loop": 8955
            },
            "seed30": {
                "score": 0.2878621503887023,
                "loop": 6496
            }
        },
        "2": {
            "seed3": {
                "score": 0.24016088472156502,
                "loop": 26657
            },
            "seed4": {
                "score": 0.2350816935031607,
                "loop": 6868
            },
            "seed2": {
                "score": 0.10626155539288673,
                "loop": 2165
            },
            "seed1": {
                "score": 0.1800057328411415,
                "loop": 10547
            },
            "seed7": {
                "score": 0.19044146099552384,
                "loop": 21509
            },
            "seed6": {
                "score": 0.30592695758213856,
                "loop": 3068
            },
            "seed5": {
                "score": 0.12749030353901988,
                "loop": 10923
            },
            "seed8": {
                "score": 0.2832464821886386,
                "loop": 46596
            },
            "seed9": {
                "score": 0.2482337058285853,
                "loop": 3621
            },